<?xml version="1.0" encoding="UTF-8"?>
<project-private xmlns="http://www.netbeans.org/ns/project-private/1">
    <editor-bookmarks xmlns="http://www.netbeans.org/ns/editor-bookmarks/2" lastBookmarkId="0"/>
    <open-files xmlns="http://www.netbeans.org/ns/projectui-open-files/2">
        <group>
            <file>file:/D:/BookSkopProject/src/bookskop/VIEW/StaffPage.java</file>
            <file>file:/D:/BookSkopProject/src/bookskop/VIEW/MainApps.java</file>
            <file>file:/D:/BookSkopProject/src/bookskop/VIEW/ResetBangku.java</file>
            <file>file:/D:/BookSkopProject/src/bookskop/VIEW/StaffPage_Studio.java</file>
            <file>file:/D:/BookSkopProject/src/bookskop/VIEW/StaffLogin.java</file>
        </group>
    </open-files>
</project-private>
